<?xml version="1.0" encoding="UTF-8"?>
<beans xmlns="http://www.springframework.org/schema/beans"
       xmlns:xsi="http://www.w3.org/2001/XMLSchema-instance"
       xmlns:aop="http://www.springframework.org/schema/aop"
       xmlns:context="http://www.springframework.org/schema/context"
       xmlns:p="http://www.springframework.org/schema/p"
       xmlns:tx="http://www.springframework.org/schema/tx"
       xsi:schemaLocation="
        http://www.springframework.org/schema/beans
        http://www.springframework.org/schema/beans/spring-beans.xsd
         http://www.springframework.org/schema/aop
         http://www.springframework.org/schema/aop/spring-aop-4.1.xsd
         http://www.springframework.org/schema/tx
         http://www.springframework.org/schema/tx/spring-tx-4.1.xsd
           http://www.springframework.org/schema/context
         http://www.springframework.org/schema/context/spring-context-4.1.xsd  " >

    <!-- 开启注解扫描 -->
    <context:component-scan base-package="com" />
    <!--<context:component-scan base-package="com.controller,com.bean,com.dao,com.service,com.service.impl" />-->


    <!-- 1.1 关联jdbc.properties -->
    <context:property-placeholder location="classpath:spring/jdbc.properties"/>
    <!-- 01.配置数据源 -->
    <bean id="dataSource" class="com.alibaba.druid.pool.DruidDataSource">
        <property name="driverClassName" value="${jdbc.driverClass}"></property>
        <property name="url" value="${jdbc.jdbcUrl}"></property>
        <property name="username" value="${jdbc.user}"></property>
        <property name="password" value="${jdbc.password}"></property>

        <!-- 初始化连接大小 -->
        <property name="initialSize" value="1" />
        <!-- 连接池最大使用连接数量 -->
        <property name="maxActive" value="200" />
        <!-- 连接池最小空闲 -->
        <property name="minIdle" value="1" />
        <!-- 获取连接最大等待时间 -->
        <property name="maxWait" value="60000" />
    </bean>



    <!-- 02.配置SessionFactory -->

    <!-- MyBatis文件 -->
    <bean id="sqlSessionFactory" class="org.mybatis.spring.SqlSessionFactoryBean">
        <property name="dataSource" ref="dataSource" />
        <!-- 自动扫描entity目录, 省掉Configuration.xml里的手工配置 -->
        <property name="mapperLocations" value="classpath:com/mapper/*.xml" />
        <property name="configLocation" value="classpath:spring/mybatis-config.xml"></property>

    </bean>

    <!-- 读取mapper包下的mapper接口 -->
    <bean class="org.mybatis.spring.mapper.MapperScannerConfigurer">
        <property name="basePackage" value="com.dao"></property>
        <!--<property name="processPropertyPlaceHolders" value="true"></property>-->
        <property name="sqlSessionFactoryBeanName" value="sqlSessionFactory" />
    </bean>

    <!-- 06.配置事务管理器 -->
    <bean id="transactionManager" class="org.springframework.jdbc.datasource.DataSourceTransactionManager">
        <property name="dataSource" ref="dataSource"></property>
    </bean>

    <!-- 07.配置开启事务操作 -->
    <tx:advice id="txAdvice" transaction-manager="transactionManager">
        <tx:attributes>
            <!--指定在连接方法上应用的事务属性 -->
            <tx:method name="get*" isolation="DEFAULT" propagation="REQUIRED"/>
            <tx:method name="**" isolation="DEFAULT" propagation="REQUIRED"/>
        </tx:attributes>
    </tx:advice>
    <!-- aop配置 -->
    <aop:config>
        <aop:pointcut expression="execution(* com.service.*.*(..))" id="stockPointcut"/>
        <aop:advisor advice-ref="txAdvice" pointcut-ref="stockPointcut"/>
    </aop:config>

</beans>